fecha,zona,precio,cantidad
2018-01-01,Centro,13.7,195
2018-01-01,Norte,13.7,149
2018-01-01,Sur,13.7,168
2018-01-02,Centro,13.7,221
2018-01-02,Norte,13.7,179
2018-01-02,Sur,13.7,183
2018-01-03,Centro,13.7,217
2018-01-03,Norte,13.7,185
2018-01-03,Sur,13.7,197
2018-01-04,Centro,13.7,219
2018-01-04,Norte,13.7,160
2018-01-04,Sur,13.7,170
2018-01-05,Centro,13.7,252
2018-01-05,Norte,13.7,192
2018-01-05,Sur,13.7,201
2018-01-06,Centro,13.7,295
2018-01-06,Norte,13.7,231
2018-01-06,Sur,13.7,251
2018-01-07,Centro,13.7,223
2018-01-07,Norte,13.7,182
2018-01-07,Sur,13.7,183
2018-01-08,Centro,11.5,177
2018-01-08,Norte,11.5,155
2018-01-08,Sur,11.5,160
2018-01-09,Centro,11.5,215
2018-01-09,Norte,11.5,192
2018-01-09,Sur,11.5,196
2018-01-10,Centro,11.5,218
2018-01-10,Norte,11.5,196
2018-01-10,Sur,11.5,196
2018-01-11,Centro,11.5,203
2018-01-11,Norte,11.5,169
2018-01-11,Sur,11.5,181
2018-01-12,Centro,11.5,231
2018-01-12,Norte,11.5,196
2018-01-12,Sur,11.5,209
2018-01-13,Centro,11.5,274
2018-01-13,Norte,11.5,253
2018-01-13,Sur,11.5,248
2018-01-14,Centro,11.5,201
2018-01-14,Norte,11.5,182
2018-01-14,Sur,11.5,187
2018-01-15,Centro,14.3,188
2018-01-15,Norte,14.3,105
2018-01-15,Sur,14.3,140
2018-01-16,Centro,14.3,236
2018-01-16,Norte,14.3,118
2018-01-16,Sur,14.3,161
2018-01-17,Centro,14.3,229
2018-01-17,Norte,14.3,115
2018-01-17,Sur,14.3,173
2018-01-18,Centro,14.3,200
2018-01-18,Norte,14.3,114
2018-01-18,Sur,14.3,156
2018-01-19,Centro,14.3,233
2018-01-19,Norte,14.3,126
2018-01-19,Sur,14.3,176
2018-01-20,Centro,14.3,296
2018-01-20,Norte,14.3,152
2018-01-20,Sur,14.3,213
2018-01-21,Centro,14.3,216
2018-01-21,Norte,14.3,117
2018-01-21,Sur,14.3,174
2018-01-22,Centro,17.3,102
2018-01-22,Norte,17.3,79
2018-01-22,Sur,17.3,100
2018-01-23,Centro,17.3,124
2018-01-23,Norte,17.3,88
2018-01-23,Sur,17.3,122
2018-01-24,Centro,17.3,126
2018-01-24,Norte,17.3,90
2018-01-24,Sur,17.3,121
2018-01-25,Centro,17.3,116
2018-01-25,Norte,17.3,89
2018-01-25,Sur,17.3,114
2018-01-26,Centro,17.3,129
2018-01-26,Norte,17.3,96
2018-01-26,Sur,17.3,123
2018-01-27,Centro,17.3,162
2018-01-27,Norte,17.3,119
2018-01-27,Sur,17.3,161
2018-01-28,Centro,17.3,120
2018-01-28,Norte,17.3,90
2018-01-28,Sur,17.3,126
2018-01-29,Centro,11.2,194
2018-01-29,Norte,11.2,189
2018-01-29,Sur,11.2,133
2018-01-30,Centro,11.2,236
2018-01-30,Norte,11.2,207
2018-01-30,Sur,11.2,157
2018-01-31,Centro,11.2,233
2018-01-31,Norte,11.2,225
2018-01-31,Sur,11.2,160
2018-02-01,Centro,11.2,221
2018-02-01,Norte,11.2,199
2018-02-01,Sur,11.2,146
2018-02-02,Centro,11.2,250
2018-02-02,Norte,11.2,224
2018-02-02,Sur,11.2,159
2018-02-03,Centro,11.2,298
2018-02-03,Norte,11.2,264
2018-02-03,Sur,11.2,199
2018-02-04,Centro,11.2,221
2018-02-04,Norte,11.2,208
2018-02-04,Sur,11.2,155
2018-02-05,Centro,11.2,183
2018-02-05,Norte,11.2,182
2018-02-05,Sur,11.2,124
2018-02-06,Centro,11.2,211
2018-02-06,Norte,11.2,209
2018-02-06,Sur,11.2,149
2018-02-07,Centro,11.2,211
2018-02-07,Norte,11.2,219
2018-02-07,Sur,11.2,152
2018-02-08,Centro,11.2,210
2018-02-08,Norte,11.2,196
2018-02-08,Sur,11.2,141
2018-02-09,Centro,11.2,229
2018-02-09,Norte,11.2,221
2018-02-09,Sur,11.2,155
2018-02-10,Centro,11.2,289
2018-02-10,Norte,11.2,276
2018-02-10,Sur,11.2,180
2018-02-11,Centro,11.2,219
2018-02-11,Norte,11.2,216
2018-02-11,Sur,11.2,152
2018-02-12,Centro,17.5,146
2018-02-12,Norte,17.5,101
2018-02-12,Sur,17.5,122
2018-02-13,Centro,17.5,166
2018-02-13,Norte,17.5,118
2018-02-13,Sur,17.5,133
2018-02-14,Centro,17.5,167
2018-02-14,Norte,17.5,116
2018-02-14,Sur,17.5,144
2018-02-15,Centro,17.5,154
2018-02-15,Norte,17.5,116
2018-02-15,Sur,17.5,133
2018-02-16,Centro,17.5,172
2018-02-16,Norte,17.5,133
2018-02-16,Sur,17.5,148
2018-02-17,Centro,17.5,217
2018-02-17,Norte,17.5,156
2018-02-17,Sur,17.5,179
2018-02-18,Centro,17.5,162
2018-02-18,Norte,17.5,126
2018-02-18,Sur,17.5,136
2018-02-19,Centro,14.7,156
2018-02-19,Norte,14.7,122
2018-02-19,Sur,14.7,82
2018-02-20,Centro,14.7,194
2018-02-20,Norte,14.7,139
2018-02-20,Sur,14.7,99
2018-02-21,Centro,14.7,185
2018-02-21,Norte,14.7,143
2018-02-21,Sur,14.7,103
2018-02-22,Centro,14.7,185
2018-02-22,Norte,14.7,125
2018-02-22,Sur,14.7,89
2018-02-23,Centro,14.7,214
2018-02-23,Norte,14.7,142
2018-02-23,Sur,14.7,106
2018-02-24,Centro,14.7,256
2018-02-24,Norte,14.7,174
2018-02-24,Sur,14.7,128
2018-02-25,Centro,14.7,189
2018-02-25,Norte,14.7,132
2018-02-25,Sur,14.7,101
2018-02-26,Centro,10.4,148
2018-02-26,Norte,10.4,181
2018-02-26,Sur,10.4,144
2018-02-27,Centro,10.4,189
2018-02-27,Norte,10.4,219
2018-02-27,Sur,10.4,159
2018-02-28,Centro,10.4,180
2018-02-28,Norte,10.4,200
2018-02-28,Sur,10.4,159
2018-03-01,Centro,10.4,176
2018-03-01,Norte,10.4,188
2018-03-01,Sur,10.4,154
2018-03-02,Centro,10.4,203
2018-03-02,Norte,10.4,224
2018-03-02,Sur,10.4,172
2018-03-03,Centro,10.4,241
2018-03-03,Norte,10.4,282
2018-03-03,Sur,10.4,202
2018-03-04,Centro,10.4,177
2018-03-04,Norte,10.4,206
2018-03-04,Sur,10.4,161
2018-03-05,Centro,13.9,162
2018-03-05,Norte,13.9,140
2018-03-05,Sur,13.9,122
2018-03-06,Centro,13.9,198
2018-03-06,Norte,13.9,156
2018-03-06,Sur,13.9,142
2018-03-07,Centro,13.9,187
2018-03-07,Norte,13.9,157
2018-03-07,Sur,13.9,147
2018-03-08,Centro,13.9,171
2018-03-08,Norte,13.9,159
2018-03-08,Sur,13.9,136
2018-03-09,Centro,13.9,206
2018-03-09,Norte,13.9,183
2018-03-09,Sur,13.9,164
2018-03-10,Centro,13.9,256
2018-03-10,Norte,13.9,199
2018-03-10,Sur,13.9,187
2018-03-11,Centro,13.9,195
2018-03-11,Norte,13.9,171
2018-03-11,Sur,13.9,148
2018-03-12,Centro,10.4,196
2018-03-12,Norte,10.4,166
2018-03-12,Sur,10.4,124
2018-03-13,Centro,10.4,218
2018-03-13,Norte,10.4,198
2018-03-13,Sur,10.4,136
2018-03-14,Centro,10.4,230
2018-03-14,Norte,10.4,190
2018-03-14,Sur,10.4,145
2018-03-15,Centro,10.4,221
2018-03-15,Norte,10.4,177
2018-03-15,Sur,10.4,129
2018-03-16,Centro,10.4,235
2018-03-16,Norte,10.4,204
2018-03-16,Sur,10.4,160
2018-03-17,Centro,10.4,293
2018-03-17,Norte,10.4,249
2018-03-17,Sur,10.4,177
2018-03-18,Centro,10.4,236
2018-03-18,Norte,10.4,184
2018-03-18,Sur,10.4,142
2018-03-19,Centro,10.4,216
2018-03-19,Norte,10.4,193
2018-03-19,Sur,10.4,151
2018-03-20,Centro,10.4,251
2018-03-20,Norte,10.4,232
2018-03-20,Sur,10.4,193
2018-03-21,Centro,10.4,251
2018-03-21,Norte,10.4,241
2018-03-21,Sur,10.4,184
2018-03-22,Centro,10.4,225
2018-03-22,Norte,10.4,213
2018-03-22,Sur,10.4,173
2018-03-23,Centro,10.4,258
2018-03-23,Norte,10.4,257
2018-03-23,Sur,10.4,189
2018-03-24,Centro,10.4,326
2018-03-24,Norte,10.4,318
2018-03-24,Sur,10.4,243
2018-03-25,Centro,10.4,254
2018-03-25,Norte,10.4,227
2018-03-25,Sur,10.4,179
2018-03-26,Centro,12.8,169
2018-03-26,Norte,12.8,164
2018-03-26,Sur,12.8,124
2018-03-27,Centro,12.8,198
2018-03-27,Norte,12.8,187
2018-03-27,Sur,12.8,135
2018-03-28,Centro,12.8,191
2018-03-28,Norte,12.8,195
2018-03-28,Sur,12.8,135
2018-03-29,Centro,12.8,177
2018-03-29,Norte,12.8,169
2018-03-29,Sur,12.8,123
2018-03-30,Centro,12.8,210
2018-03-30,Norte,12.8,206
2018-03-30,Sur,12.8,148
2018-03-31,Centro,12.8,249
2018-03-31,Norte,12.8,250
2018-03-31,Sur,12.8,180
2018-04-01,Centro,12.8,194
2018-04-01,Norte,12.8,197
2018-04-01,Sur,12.8,133
2018-04-02,Centro,5.3,215
2018-04-02,Norte,5.3,238
2018-04-02,Sur,5.3,176
2018-04-03,Centro,5.3,253
2018-04-03,Norte,5.3,273
2018-04-03,Sur,5.3,199
2018-04-04,Centro,5.3,239
2018-04-04,Norte,5.3,276
2018-04-04,Sur,5.3,200
2018-04-05,Centro,5.3,223
2018-04-05,Norte,5.3,263
2018-04-05,Sur,5.3,184
2018-04-06,Centro,5.3,250
2018-04-06,Norte,5.3,295
2018-04-06,Sur,5.3,212
2018-04-07,Centro,5.3,315
2018-04-07,Norte,5.3,335
2018-04-07,Sur,5.3,258
2018-04-08,Centro,5.3,232
2018-04-08,Norte,5.3,285
2018-04-08,Sur,5.3,193
2018-04-09,Centro,6.0,210
2018-04-09,Norte,6.0,236
2018-04-09,Sur,6.0,199
2018-04-10,Centro,6.0,247
2018-04-10,Norte,6.0,276
2018-04-10,Sur,6.0,249
2018-04-11,Centro,6.0,241
2018-04-11,Norte,6.0,263
2018-04-11,Sur,6.0,251
2018-04-12,Centro,6.0,230
2018-04-12,Norte,6.0,255
2018-04-12,Sur,6.0,220
2018-04-13,Centro,6.0,251
2018-04-13,Norte,6.0,287
2018-04-13,Sur,6.0,251
2018-04-14,Centro,6.0,301
2018-04-14,Norte,6.0,353
2018-04-14,Sur,6.0,313
2018-04-15,Centro,6.0,254
2018-04-15,Norte,6.0,260
2018-04-15,Sur,6.0,238
2018-04-16,Centro,10.0,206
2018-04-16,Norte,10.0,187
2018-04-16,Sur,10.0,119
2018-04-17,Centro,10.0,235
2018-04-17,Norte,10.0,225
2018-04-17,Sur,10.0,140
2018-04-18,Centro,10.0,244
2018-04-18,Norte,10.0,205
2018-04-18,Sur,10.0,148
2018-04-19,Centro,10.0,232
2018-04-19,Norte,10.0,209
2018-04-19,Sur,10.0,137
2018-04-20,Centro,10.0,254
2018-04-20,Norte,10.0,228
2018-04-20,Sur,10.0,148
2018-04-21,Centro,10.0,317
2018-04-21,Norte,10.0,286
2018-04-21,Sur,10.0,181
2018-04-22,Centro,10.0,234
2018-04-22,Norte,10.0,221
2018-04-22,Sur,10.0,141
2018-04-23,Centro,8.5,195
2018-04-23,Norte,8.5,173
2018-04-23,Sur,8.5,155
2018-04-24,Centro,8.5,240
2018-04-24,Norte,8.5,205
2018-04-24,Sur,8.5,170
2018-04-25,Centro,8.5,240
2018-04-25,Norte,8.5,208
2018-04-25,Sur,8.5,171
2018-04-26,Centro,8.5,225
2018-04-26,Norte,8.5,184
2018-04-26,Sur,8.5,170
2018-04-27,Centro,8.5,262
2018-04-27,Norte,8.5,211
2018-04-27,Sur,8.5,185
2018-04-28,Centro,8.5,322
2018-04-28,Norte,8.5,262
2018-04-28,Sur,8.5,233
2018-04-29,Centro,8.5,239
2018-04-29,Norte,8.5,206
2018-04-29,Sur,8.5,173
2018-04-30,Centro,13.1,164
2018-04-30,Norte,13.1,150
2018-04-30,Sur,13.1,122
2018-05-01,Centro,13.1,200
2018-05-01,Norte,13.1,175
2018-05-01,Sur,13.1,144
2018-05-02,Centro,13.1,190
2018-05-02,Norte,13.1,169
2018-05-02,Sur,13.1,151
2018-05-03,Centro,13.1,179
2018-05-03,Norte,13.1,163
2018-05-03,Sur,13.1,142
2018-05-04,Centro,13.1,199
2018-05-04,Norte,13.1,175
2018-05-04,Sur,13.1,164
2018-05-05,Centro,13.1,238
2018-05-05,Norte,13.1,220
2018-05-05,Sur,13.1,188
2018-05-06,Centro,13.1,203
2018-05-06,Norte,13.1,162
2018-05-06,Sur,13.1,150
2018-05-07,Centro,8.8,216
2018-05-07,Norte,8.8,187
2018-05-07,Sur,8.8,142
2018-05-08,Centro,8.8,249
2018-05-08,Norte,8.8,219
2018-05-08,Sur,8.8,167
2018-05-09,Centro,8.8,242
2018-05-09,Norte,8.8,220
2018-05-09,Sur,8.8,177
2018-05-10,Centro,8.8,219
2018-05-10,Norte,8.8,210
2018-05-10,Sur,8.8,150
2018-05-11,Centro,8.8,252
2018-05-11,Norte,8.8,235
2018-05-11,Sur,8.8,175
2018-05-12,Centro,8.8,306
2018-05-12,Norte,8.8,284
2018-05-12,Sur,8.8,213
2018-05-13,Centro,8.8,245
2018-05-13,Norte,8.8,216
2018-05-13,Sur,8.8,162
2018-05-14,Centro,7.1,213
2018-05-14,Norte,7.1,203
2018-05-14,Sur,7.1,165
2018-05-15,Centro,7.1,247
2018-05-15,Norte,7.1,234
2018-05-15,Sur,7.1,201
2018-05-16,Centro,7.1,238
2018-05-16,Norte,7.1,230
2018-05-16,Sur,7.1,198
2018-05-17,Centro,7.1,236
2018-05-17,Norte,7.1,225
2018-05-17,Sur,7.1,192
2018-05-18,Centro,7.1,267
2018-05-18,Norte,7.1,262
2018-05-18,Sur,7.1,220
2018-05-19,Centro,7.1,314
2018-05-19,Norte,7.1,312
2018-05-19,Sur,7.1,252
2018-05-20,Centro,7.1,246
2018-05-20,Norte,7.1,239
2018-05-20,Sur,7.1,194
2018-05-21,Centro,17.1,168
2018-05-21,Norte,17.1,98
2018-05-21,Sur,17.1,132
2018-05-22,Centro,17.1,192
2018-05-22,Norte,17.1,120
2018-05-22,Sur,17.1,158
2018-05-23,Centro,17.1,194
2018-05-23,Norte,17.1,116
2018-05-23,Sur,17.1,153
2018-05-24,Centro,17.1,188
2018-05-24,Norte,17.1,108
2018-05-24,Sur,17.1,147
2018-05-25,Centro,17.1,201
2018-05-25,Norte,17.1,119
2018-05-25,Sur,17.1,166
2018-05-26,Centro,17.1,244
2018-05-26,Norte,17.1,147
2018-05-26,Sur,17.1,202
2018-05-27,Centro,17.1,188
2018-05-27,Norte,17.1,115
2018-05-27,Sur,17.1,155
2018-05-28,Centro,11.2,166
2018-05-28,Norte,11.2,191
2018-05-28,Sur,11.2,148
2018-05-29,Centro,11.2,210
2018-05-29,Norte,11.2,227
2018-05-29,Sur,11.2,184
2018-05-30,Centro,11.2,207
2018-05-30,Norte,11.2,226
2018-05-30,Sur,11.2,181
2018-05-31,Centro,11.2,188
2018-05-31,Norte,11.2,212
2018-05-31,Sur,11.2,158
2018-06-01,Centro,11.2,209
2018-06-01,Norte,11.2,248
2018-06-01,Sur,11.2,196
2018-06-02,Centro,11.2,261
2018-06-02,Norte,11.2,299
2018-06-02,Sur,11.2,227
2018-06-03,Centro,11.2,203
2018-06-03,Norte,11.2,230
2018-06-03,Sur,11.2,183
2018-06-04,Centro,12.2,170
2018-06-04,Norte,12.2,177
2018-06-04,Sur,12.2,131
2018-06-05,Centro,12.2,203
2018-06-05,Norte,12.2,188
2018-06-05,Sur,12.2,147
2018-06-06,Centro,12.2,203
2018-06-06,Norte,12.2,191
2018-06-06,Sur,12.2,141
2018-06-07,Centro,12.2,192
2018-06-07,Norte,12.2,174
2018-06-07,Sur,12.2,134
2018-06-08,Centro,12.2,222
2018-06-08,Norte,12.2,214
2018-06-08,Sur,12.2,160
2018-06-09,Centro,12.2,251
2018-06-09,Norte,12.2,264
2018-06-09,Sur,12.2,193
2018-06-10,Centro,12.2,202
2018-06-10,Norte,12.2,192
2018-06-10,Sur,12.2,145
2018-06-11,Centro,7.0,207
2018-06-11,Norte,7.0,222
2018-06-11,Sur,7.0,191
2018-06-12,Centro,7.0,238
2018-06-12,Norte,7.0,237
2018-06-12,Sur,7.0,239
2018-06-13,Centro,7.0,246
2018-06-13,Norte,7.0,259
2018-06-13,Sur,7.0,242
2018-06-14,Centro,7.0,224
2018-06-14,Norte,7.0,227
2018-06-14,Sur,7.0,215
2018-06-15,Centro,7.0,246
2018-06-15,Norte,7.0,255
2018-06-15,Sur,7.0,240
2018-06-16,Centro,7.0,293
2018-06-16,Norte,7.0,318
2018-06-16,Sur,7.0,291
2018-06-17,Centro,7.0,241
2018-06-17,Norte,7.0,242
2018-06-17,Sur,7.0,220
2018-06-18,Centro,10.1,159
2018-06-18,Norte,10.1,187
2018-06-18,Sur,10.1,123
2018-06-19,Centro,10.1,197
2018-06-19,Norte,10.1,219
2018-06-19,Sur,10.1,133
2018-06-20,Centro,10.1,204
2018-06-20,Norte,10.1,230
2018-06-20,Sur,10.1,139
2018-06-21,Centro,10.1,183
2018-06-21,Norte,10.1,208
2018-06-21,Sur,10.1,125
2018-06-22,Centro,10.1,207
2018-06-22,Norte,10.1,235
2018-06-22,Sur,10.1,149
2018-06-23,Centro,10.1,254
2018-06-23,Norte,10.1,290
2018-06-23,Sur,10.1,180
2018-06-24,Centro,10.1,194
2018-06-24,Norte,10.1,228
2018-06-24,Sur,10.1,143
2018-06-25,Centro,12.4,182
2018-06-25,Norte,12.4,176
2018-06-25,Sur,12.4,117
2018-06-26,Centro,12.4,221
2018-06-26,Norte,12.4,208
2018-06-26,Sur,12.4,134
2018-06-27,Centro,12.4,209
2018-06-27,Norte,12.4,202
2018-06-27,Sur,12.4,136
2018-06-28,Centro,12.4,206
2018-06-28,Norte,12.4,189
2018-06-28,Sur,12.4,136
2018-06-29,Centro,12.4,236
2018-06-29,Norte,12.4,229
2018-06-29,Sur,12.4,157
2018-06-30,Centro,12.4,264
2018-06-30,Norte,12.4,261
2018-06-30,Sur,12.4,183
2018-07-01,Centro,12.4,203
2018-07-01,Norte,12.4,210
2018-07-01,Sur,12.4,142
2018-07-02,Centro,8.0,204
2018-07-02,Norte,8.0,225
2018-07-02,Sur,8.0,161
2018-07-03,Centro,8.0,236
2018-07-03,Norte,8.0,246
2018-07-03,Sur,8.0,179
2018-07-04,Centro,8.0,238
2018-07-04,Norte,8.0,258
2018-07-04,Sur,8.0,193
2018-07-05,Centro,8.0,235
2018-07-05,Norte,8.0,232
2018-07-05,Sur,8.0,171
2018-07-06,Centro,8.0,254
2018-07-06,Norte,8.0,288
2018-07-06,Sur,8.0,196
2018-07-07,Centro,8.0,313
2018-07-07,Norte,8.0,329
2018-07-07,Sur,8.0,238
2018-07-08,Centro,8.0,257
2018-07-08,Norte,8.0,264
2018-07-08,Sur,8.0,177
2018-07-09,Centro,13.3,164
2018-07-09,Norte,13.3,146
2018-07-09,Sur,13.3,131
2018-07-10,Centro,13.3,207
2018-07-10,Norte,13.3,162
2018-07-10,Sur,13.3,162
2018-07-11,Centro,13.3,196
2018-07-11,Norte,13.3,172
2018-07-11,Sur,13.3,152
2018-07-12,Centro,13.3,179
2018-07-12,Norte,13.3,165
2018-07-12,Sur,13.3,149
2018-07-13,Centro,13.3,219
2018-07-13,Norte,13.3,184
2018-07-13,Sur,13.3,166
2018-07-14,Centro,13.3,261
2018-07-14,Norte,13.3,225
2018-07-14,Sur,13.3,202
2018-07-15,Centro,13.3,208
2018-07-15,Norte,13.3,176
2018-07-15,Sur,13.3,155
2018-07-16,Centro,9.9,190
2018-07-16,Norte,9.9,171
2018-07-16,Sur,9.9,151
2018-07-17,Centro,9.9,223
2018-07-17,Norte,9.9,200
2018-07-17,Sur,9.9,183
2018-07-18,Centro,9.9,212
2018-07-18,Norte,9.9,208
2018-07-18,Sur,9.9,175
2018-07-19,Centro,9.9,195
2018-07-19,Norte,9.9,189
2018-07-19,Sur,9.9,167
2018-07-20,Centro,9.9,238
2018-07-20,Norte,9.9,228
2018-07-20,Sur,9.9,191
2018-07-21,Centro,9.9,287
2018-07-21,Norte,9.9,275
2018-07-21,Sur,9.9,234
2018-07-22,Centro,9.9,227
2018-07-22,Norte,9.9,203
2018-07-22,Sur,9.9,187
2018-07-23,Centro,11.0,160
2018-07-23,Norte,11.0,179
2018-07-23,Sur,11.0,174
2018-07-24,Centro,11.0,186
2018-07-24,Norte,11.0,220
2018-07-24,Sur,11.0,192
2018-07-25,Centro,11.0,194
2018-07-25,Norte,11.0,210
2018-07-25,Sur,11.0,189
2018-07-26,Centro,11.0,172
2018-07-26,Norte,11.0,205
2018-07-26,Sur,11.0,180
2018-07-27,Centro,11.0,210
2018-07-27,Norte,11.0,228
2018-07-27,Sur,11.0,214
2018-07-28,Centro,11.0,251
2018-07-28,Norte,11.0,280
2018-07-28,Sur,11.0,243
2018-07-29,Centro,11.0,187
2018-07-29,Norte,11.0,206
2018-07-29,Sur,11.0,198
2018-07-30,Centro,9.9,189
2018-07-30,Norte,9.9,193
2018-07-30,Sur,9.9,147
2018-07-31,Centro,9.9,220
2018-07-31,Norte,9.9,222
2018-07-31,Sur,9.9,167
2018-08-01,Centro,9.9,206
2018-08-01,Norte,9.9,225
2018-08-01,Sur,9.9,175
2018-08-02,Centro,9.9,207
2018-08-02,Norte,9.9,200
2018-08-02,Sur,9.9,152
2018-08-03,Centro,9.9,230
2018-08-03,Norte,9.9,244
2018-08-03,Sur,9.9,175
2018-08-04,Centro,9.9,285
2018-08-04,Norte,9.9,297
2018-08-04,Sur,9.9,224
2018-08-05,Centro,9.9,211
2018-08-05,Norte,9.9,216
2018-08-05,Sur,9.9,170
2018-08-06,Centro,18.5,141
2018-08-06,Norte,18.5,97
2018-08-06,Sur,18.5,114
2018-08-07,Centro,18.5,157
2018-08-07,Norte,18.5,112
2018-08-07,Sur,18.5,130
2018-08-08,Centro,18.5,151
2018-08-08,Norte,18.5,119
2018-08-08,Sur,18.5,127
2018-08-09,Centro,18.5,153
2018-08-09,Norte,18.5,111
2018-08-09,Sur,18.5,125
2018-08-10,Centro,18.5,163
2018-08-10,Norte,18.5,127
2018-08-10,Sur,18.5,144
2018-08-11,Centro,18.5,200
2018-08-11,Norte,18.5,147
2018-08-11,Sur,18.5,171
2018-08-12,Centro,18.5,166
2018-08-12,Norte,18.5,117
2018-08-12,Sur,18.5,128
2018-08-13,Centro,12.0,174
2018-08-13,Norte,12.0,172
2018-08-13,Sur,12.0,130
2018-08-14,Centro,12.0,196
2018-08-14,Norte,12.0,199
2018-08-14,Sur,12.0,149
2018-08-15,Centro,12.0,197
2018-08-15,Norte,12.0,209
2018-08-15,Sur,12.0,145
2018-08-16,Centro,12.0,180
2018-08-16,Norte,12.0,178
2018-08-16,Sur,12.0,146
2018-08-17,Centro,12.0,204
2018-08-17,Norte,12.0,217
2018-08-17,Sur,12.0,156
2018-08-18,Centro,12.0,246
2018-08-18,Norte,12.0,254
2018-08-18,Sur,12.0,203
2018-08-19,Centro,12.0,198
2018-08-19,Norte,12.0,198
2018-08-19,Sur,12.0,150
2018-08-20,Centro,8.3,205
2018-08-20,Norte,8.3,222
2018-08-20,Sur,8.3,155
2018-08-21,Centro,8.3,240
2018-08-21,Norte,8.3,259
2018-08-21,Sur,8.3,188
2018-08-22,Centro,8.3,240
2018-08-22,Norte,8.3,266
2018-08-22,Sur,8.3,194
2018-08-23,Centro,8.3,208
2018-08-23,Norte,8.3,227
2018-08-23,Sur,8.3,178
2018-08-24,Centro,8.3,250
2018-08-24,Norte,8.3,261
2018-08-24,Sur,8.3,207
2018-08-25,Centro,8.3,287
2018-08-25,Norte,8.3,334
2018-08-25,Sur,8.3,244
2018-08-26,Centro,8.3,234
2018-08-26,Norte,8.3,256
2018-08-26,Sur,8.3,191
2018-08-27,Centro,14.9,169
2018-08-27,Norte,14.9,121
2018-08-27,Sur,14.9,125
2018-08-28,Centro,14.9,205
2018-08-28,Norte,14.9,138
2018-08-28,Sur,14.9,137
2018-08-29,Centro,14.9,195
2018-08-29,Norte,14.9,138
2018-08-29,Sur,14.9,140
2018-08-30,Centro,14.9,177
2018-08-30,Norte,14.9,139
2018-08-30,Sur,14.9,127
2018-08-31,Centro,14.9,204
2018-08-31,Norte,14.9,150
2018-08-31,Sur,14.9,158
2018-09-01,Centro,14.9,261
2018-09-01,Norte,14.9,182
2018-09-01,Sur,14.9,189
2018-09-02,Centro,14.9,200
2018-09-02,Norte,14.9,140
2018-09-02,Sur,14.9,134
2018-09-03,Centro,7.7,229
2018-09-03,Norte,7.7,229
2018-09-03,Sur,7.7,154
2018-09-04,Centro,7.7,267
2018-09-04,Norte,7.7,259
2018-09-04,Sur,7.7,183
2018-09-05,Centro,7.7,284
2018-09-05,Norte,7.7,272
2018-09-05,Sur,7.7,170
2018-09-06,Centro,7.7,248
2018-09-06,Norte,7.7,241
2018-09-06,Sur,7.7,164
2018-09-07,Centro,7.7,308
2018-09-07,Norte,7.7,299
2018-09-07,Sur,7.7,196
2018-09-08,Centro,7.7,365
2018-09-08,Norte,7.7,339
2018-09-08,Sur,7.7,215
2018-09-09,Centro,7.7,267
2018-09-09,Norte,7.7,272
2018-09-09,Sur,7.7,179
2018-09-10,Centro,12.7,168
2018-09-10,Norte,12.7,160
2018-09-10,Sur,12.7,137
2018-09-11,Centro,12.7,214
2018-09-11,Norte,12.7,183
2018-09-11,Sur,12.7,170
2018-09-12,Centro,12.7,202
2018-09-12,Norte,12.7,181
2018-09-12,Sur,12.7,171
2018-09-13,Centro,12.7,187
2018-09-13,Norte,12.7,164
2018-09-13,Sur,12.7,158
2018-09-14,Centro,12.7,226
2018-09-14,Norte,12.7,190
2018-09-14,Sur,12.7,174
2018-09-15,Centro,12.7,275
2018-09-15,Norte,12.7,235
2018-09-15,Sur,12.7,217
2018-09-16,Centro,12.7,214
2018-09-16,Norte,12.7,189
2018-09-16,Sur,12.7,169
2018-09-17,Centro,5.1,230
2018-09-17,Norte,5.1,272
2018-09-17,Sur,5.1,183
2018-09-18,Centro,5.1,259
2018-09-18,Norte,5.1,315
2018-09-18,Sur,5.1,225
2018-09-19,Centro,5.1,251
2018-09-19,Norte,5.1,320
2018-09-19,Sur,5.1,208
2018-09-20,Centro,5.1,250
2018-09-20,Norte,5.1,289
2018-09-20,Sur,5.1,204
2018-09-21,Centro,5.1,282
2018-09-21,Norte,5.1,320
2018-09-21,Sur,5.1,227
2018-09-22,Centro,5.1,334
2018-09-22,Norte,5.1,405
2018-09-22,Sur,5.1,269
2018-09-23,Centro,5.1,272
2018-09-23,Norte,5.1,327
2018-09-23,Sur,5.1,209
2018-09-24,Centro,7.4,205
2018-09-24,Norte,7.4,201
2018-09-24,Sur,7.4,126
2018-09-25,Centro,7.4,249
2018-09-25,Norte,7.4,247
2018-09-25,Sur,7.4,142
2018-09-26,Centro,7.4,237
2018-09-26,Norte,7.4,235
2018-09-26,Sur,7.4,148
2018-09-27,Centro,7.4,230
2018-09-27,Norte,7.4,225
2018-09-27,Sur,7.4,128
2018-09-28,Centro,7.4,255
2018-09-28,Norte,7.4,249
2018-09-28,Sur,7.4,152
2018-09-29,Centro,7.4,308
2018-09-29,Norte,7.4,310
2018-09-29,Sur,7.4,187
2018-09-30,Centro,7.4,239
2018-09-30,Norte,7.4,248
2018-09-30,Sur,7.4,149
2018-10-01,Centro,12.7,145
2018-10-01,Norte,12.7,176
2018-10-01,Sur,12.7,138
2018-10-02,Centro,12.7,171
2018-10-02,Norte,12.7,211
2018-10-02,Sur,12.7,167
2018-10-03,Centro,12.7,168
2018-10-03,Norte,12.7,214
2018-10-03,Sur,12.7,171
2018-10-04,Centro,12.7,162
2018-10-04,Norte,12.7,201
2018-10-04,Sur,12.7,155
2018-10-05,Centro,12.7,177
2018-10-05,Norte,12.7,217
2018-10-05,Sur,12.7,172
2018-10-06,Centro,12.7,210
2018-10-06,Norte,12.7,265
2018-10-06,Sur,12.7,201
2018-10-07,Centro,12.7,173
2018-10-07,Norte,12.7,201
2018-10-07,Sur,12.7,171
2018-10-08,Centro,14.6,159
2018-10-08,Norte,14.6,139
2018-10-08,Sur,14.6,115
2018-10-09,Centro,14.6,200
2018-10-09,Norte,14.6,162
2018-10-09,Sur,14.6,147
2018-10-10,Centro,14.6,181
2018-10-10,Norte,14.6,156
2018-10-10,Sur,14.6,142
2018-10-11,Centro,14.6,185
2018-10-11,Norte,14.6,149
2018-10-11,Sur,14.6,137
2018-10-12,Centro,14.6,195
2018-10-12,Norte,14.6,167
2018-10-12,Sur,14.6,156
2018-10-13,Centro,14.6,255
2018-10-13,Norte,14.6,202
2018-10-13,Sur,14.6,191
2018-10-14,Centro,14.6,191
2018-10-14,Norte,14.6,149
2018-10-14,Sur,14.6,139
2018-10-15,Centro,12.6,184
2018-10-15,Norte,12.6,150
2018-10-15,Sur,12.6,151
2018-10-16,Centro,12.6,196
2018-10-16,Norte,12.6,164
2018-10-16,Sur,12.6,170
2018-10-17,Centro,12.6,206
2018-10-17,Norte,12.6,176
2018-10-17,Sur,12.6,171
2018-10-18,Centro,12.6,199
2018-10-18,Norte,12.6,163
2018-10-18,Sur,12.6,161
2018-10-19,Centro,12.6,220
2018-10-19,Norte,12.6,186
2018-10-19,Sur,12.6,191
2018-10-20,Centro,12.6,266
2018-10-20,Norte,12.6,209
2018-10-20,Sur,12.6,231
2018-10-21,Centro,12.6,208
2018-10-21,Norte,12.6,167
2018-10-21,Sur,12.6,176
2018-10-22,Centro,11.6,221
2018-10-22,Norte,11.6,157
2018-10-22,Sur,11.6,137
2018-10-23,Centro,11.6,262
2018-10-23,Norte,11.6,185
2018-10-23,Sur,11.6,160
2018-10-24,Centro,11.6,261
2018-10-24,Norte,11.6,180
2018-10-24,Sur,11.6,165
2018-10-25,Centro,11.6,250
2018-10-25,Norte,11.6,182
2018-10-25,Sur,11.6,146
2018-10-26,Centro,11.6,264
2018-10-26,Norte,11.6,202
2018-10-26,Sur,11.6,166
2018-10-27,Centro,11.6,325
2018-10-27,Norte,11.6,237
2018-10-27,Sur,11.6,204
2018-10-28,Centro,11.6,270
2018-10-28,Norte,11.6,186
2018-10-28,Sur,11.6,158
2018-10-29,Centro,10.9,191
2018-10-29,Norte,10.9,165
2018-10-29,Sur,10.9,162
2018-10-30,Centro,10.9,214
2018-10-30,Norte,10.9,196
2018-10-30,Sur,10.9,187
2018-10-31,Centro,10.9,217
2018-10-31,Norte,10.9,194
2018-10-31,Sur,10.9,184
2018-11-01,Centro,10.9,195
2018-11-01,Norte,10.9,187
2018-11-01,Sur,10.9,170
2018-11-02,Centro,10.9,223
2018-11-02,Norte,10.9,208
2018-11-02,Sur,10.9,216
2018-11-03,Centro,10.9,275
2018-11-03,Norte,10.9,261
2018-11-03,Sur,10.9,246
2018-11-04,Centro,10.9,212
2018-11-04,Norte,10.9,201
2018-11-04,Sur,10.9,190
2018-11-05,Centro,6.8,216
2018-11-05,Norte,6.8,218
2018-11-05,Sur,6.8,151
2018-11-06,Centro,6.8,239
2018-11-06,Norte,6.8,273
2018-11-06,Sur,6.8,169
2018-11-07,Centro,6.8,261
2018-11-07,Norte,6.8,252
2018-11-07,Sur,6.8,181
2018-11-08,Centro,6.8,243
2018-11-08,Norte,6.8,251
2018-11-08,Sur,6.8,166
2018-11-09,Centro,6.8,273
2018-11-09,Norte,6.8,278
2018-11-09,Sur,6.8,178
2018-11-10,Centro,6.8,322
2018-11-10,Norte,6.8,350
2018-11-10,Sur,6.8,221
2018-11-11,Centro,6.8,245
2018-11-11,Norte,6.8,272
2018-11-11,Sur,6.8,180
2018-11-12,Centro,9.5,196
2018-11-12,Norte,9.5,205
2018-11-12,Sur,9.5,118
2018-11-13,Centro,9.5,226
2018-11-13,Norte,9.5,239
2018-11-13,Sur,9.5,132
2018-11-14,Centro,9.5,214
2018-11-14,Norte,9.5,228
2018-11-14,Sur,9.5,134
2018-11-15,Centro,9.5,214
2018-11-15,Norte,9.5,207
2018-11-15,Sur,9.5,119
2018-11-16,Centro,9.5,245
2018-11-16,Norte,9.5,246
2018-11-16,Sur,9.5,149
2018-11-17,Centro,9.5,298
2018-11-17,Norte,9.5,289
2018-11-17,Sur,9.5,165
2018-11-18,Centro,9.5,227
2018-11-18,Norte,9.5,237
2018-11-18,Sur,9.5,138
2018-11-19,Centro,10.4,174
2018-11-19,Norte,10.4,167
2018-11-19,Sur,10.4,166
2018-11-20,Centro,10.4,199
2018-11-20,Norte,10.4,207
2018-11-20,Sur,10.4,193
2018-11-21,Centro,10.4,209
2018-11-21,Norte,10.4,200
2018-11-21,Sur,10.4,191
2018-11-22,Centro,10.4,193
2018-11-22,Norte,10.4,189
2018-11-22,Sur,10.4,172
2018-11-23,Centro,10.4,205
2018-11-23,Norte,10.4,204
2018-11-23,Sur,10.4,198
2018-11-24,Centro,10.4,245
2018-11-24,Norte,10.4,263
2018-11-24,Sur,10.4,238
2018-11-25,Centro,10.4,198
2018-11-25,Norte,10.4,206
2018-11-25,Sur,10.4,185
2018-11-26,Centro,15.7,178
2018-11-26,Norte,15.7,119
2018-11-26,Sur,15.7,110
2018-11-27,Centro,15.7,212
2018-11-27,Norte,15.7,141
2018-11-27,Sur,15.7,124
2018-11-28,Centro,15.7,195
2018-11-28,Norte,15.7,143
2018-11-28,Sur,15.7,120
2018-11-29,Centro,15.7,189
2018-11-29,Norte,15.7,125
2018-11-29,Sur,15.7,122
2018-11-30,Centro,15.7,214
2018-11-30,Norte,15.7,149
2018-11-30,Sur,15.7,140
2018-12-01,Centro,15.7,272
2018-12-01,Norte,15.7,177
2018-12-01,Sur,15.7,168
2018-12-02,Centro,15.7,209
2018-12-02,Norte,15.7,134
2018-12-02,Sur,15.7,132
2018-12-03,Centro,13.2,190
2018-12-03,Norte,13.2,176
2018-12-03,Sur,13.2,106
2018-12-04,Centro,13.2,214
2018-12-04,Norte,13.2,200
2018-12-04,Sur,13.2,126
2018-12-05,Centro,13.2,213
2018-12-05,Norte,13.2,199
2018-12-05,Sur,13.2,131
2018-12-06,Centro,13.2,195
2018-12-06,Norte,13.2,187
2018-12-06,Sur,13.2,121
2018-12-07,Centro,13.2,220
2018-12-07,Norte,13.2,234
2018-12-07,Sur,13.2,132
2018-12-08,Centro,13.2,286
2018-12-08,Norte,13.2,270
2018-12-08,Sur,13.2,169
2018-12-09,Centro,13.2,222
2018-12-09,Norte,13.2,218
2018-12-09,Sur,13.2,124
2018-12-10,Centro,5.8,235
2018-12-10,Norte,5.8,258
2018-12-10,Sur,5.8,160
2018-12-11,Centro,5.8,274
2018-12-11,Norte,5.8,298
2018-12-11,Sur,5.8,193
2018-12-12,Centro,5.8,263
2018-12-12,Norte,5.8,304
2018-12-12,Sur,5.8,194
2018-12-13,Centro,5.8,249
2018-12-13,Norte,5.8,280
2018-12-13,Sur,5.8,180
2018-12-14,Centro,5.8,292
2018-12-14,Norte,5.8,312
2018-12-14,Sur,5.8,198
2018-12-15,Centro,5.8,347
2018-12-15,Norte,5.8,396
2018-12-15,Sur,5.8,257
2018-12-16,Centro,5.8,255
2018-12-16,Norte,5.8,295
2018-12-16,Sur,5.8,188
2018-12-17,Centro,13.1,157
2018-12-17,Norte,13.1,158
2018-12-17,Sur,13.1,123
2018-12-18,Centro,13.1,178
2018-12-18,Norte,13.1,185
2018-12-18,Sur,13.1,154
2018-12-19,Centro,13.1,193
2018-12-19,Norte,13.1,176
2018-12-19,Sur,13.1,155
2018-12-20,Centro,13.1,173
2018-12-20,Norte,13.1,162
2018-12-20,Sur,13.1,143
2018-12-21,Centro,13.1,192
2018-12-21,Norte,13.1,201
2018-12-21,Sur,13.1,164
2018-12-22,Centro,13.1,241
2018-12-22,Norte,13.1,234
2018-12-22,Sur,13.1,194
2018-12-23,Centro,13.1,187
2018-12-23,Norte,13.1,174
2018-12-23,Sur,13.1,149
2018-12-24,Centro,10.7,207
2018-12-24,Norte,10.7,188
2018-12-24,Sur,10.7,152
2018-12-25,Centro,10.7,235
2018-12-25,Norte,10.7,200
2018-12-25,Sur,10.7,184
2018-12-26,Centro,10.7,249
2018-12-26,Norte,10.7,213
2018-12-26,Sur,10.7,183
2018-12-27,Centro,10.7,228
2018-12-27,Norte,10.7,203
2018-12-27,Sur,10.7,168
2018-12-28,Centro,10.7,269
2018-12-28,Norte,10.7,218
2018-12-28,Sur,10.7,203
2018-12-29,Centro,10.7,315
2018-12-29,Norte,10.7,259
2018-12-29,Sur,10.7,238
2018-12-30,Centro,10.7,253
2018-12-30,Norte,10.7,201
2018-12-30,Sur,10.7,177
2018-12-31,Centro,9.6,173
2018-12-31,Norte,9.6,186
2018-12-31,Sur,9.6,158
2019-01-01,Centro,9.6,202
2019-01-01,Norte,9.6,213
2019-01-01,Sur,9.6,193
2019-01-02,Centro,9.6,209
2019-01-02,Norte,9.6,226
2019-01-02,Sur,9.6,181
2019-01-03,Centro,9.6,185
2019-01-03,Norte,9.6,197
2019-01-03,Sur,9.6,182
2019-01-04,Centro,9.6,208
2019-01-04,Norte,9.6,238
2019-01-04,Sur,9.6,203
2019-01-05,Centro,9.6,246
2019-01-05,Norte,9.6,299
2019-01-05,Sur,9.6,243
2019-01-06,Centro,9.6,206
2019-01-06,Norte,9.6,229
2019-01-06,Sur,9.6,191
2019-01-07,Centro,14.1,181
2019-01-07,Norte,14.1,148
2019-01-07,Sur,14.1,133
2019-01-08,Centro,14.1,213
2019-01-08,Norte,14.1,167
2019-01-08,Sur,14.1,148
2019-01-09,Centro,14.1,203
2019-01-09,Norte,14.1,172
2019-01-09,Sur,14.1,153
2019-01-10,Centro,14.1,187
2019-01-10,Norte,14.1,158
2019-01-10,Sur,14.1,141
2019-01-11,Centro,14.1,213
2019-01-11,Norte,14.1,181
2019-01-11,Sur,14.1,158
2019-01-12,Centro,14.1,264
2019-01-12,Norte,14.1,211
2019-01-12,Sur,14.1,201
2019-01-13,Centro,14.1,211
2019-01-13,Norte,14.1,177
2019-01-13,Sur,14.1,155
2019-01-14,Centro,15.6,191
2019-01-14,Norte,15.6,105
2019-01-14,Sur,15.6,108
2019-01-15,Centro,15.6,223
2019-01-15,Norte,15.6,119
2019-01-15,Sur,15.6,129
2019-01-16,Centro,15.6,234
2019-01-16,Norte,15.6,121
2019-01-16,Sur,15.6,129
2019-01-17,Centro,15.6,206
2019-01-17,Norte,15.6,113
2019-01-17,Sur,15.6,118
2019-01-18,Centro,15.6,241
2019-01-18,Norte,15.6,136
2019-01-18,Sur,15.6,138
2019-01-19,Centro,15.6,297
2019-01-19,Norte,15.6,162
2019-01-19,Sur,15.6,163
2019-01-20,Centro,15.6,223
2019-01-20,Norte,15.6,126
2019-01-20,Sur,15.6,127
2019-01-21,Centro,15.3,145
2019-01-21,Norte,15.3,117
2019-01-21,Sur,15.3,130
2019-01-22,Centro,15.3,173
2019-01-22,Norte,15.3,142
2019-01-22,Sur,15.3,153
2019-01-23,Centro,15.3,174
2019-01-23,Norte,15.3,143
2019-01-23,Sur,15.3,144
2019-01-24,Centro,15.3,149
2019-01-24,Norte,15.3,127
2019-01-24,Sur,15.3,144
2019-01-25,Centro,15.3,186
2019-01-25,Norte,15.3,150
2019-01-25,Sur,15.3,166
2019-01-26,Centro,15.3,214
2019-01-26,Norte,15.3,189
2019-01-26,Sur,15.3,183
2019-01-27,Centro,15.3,163
2019-01-27,Norte,15.3,138
2019-01-27,Sur,15.3,154
2019-01-28,Centro,9.1,189
2019-01-28,Norte,9.1,172
2019-01-28,Sur,9.1,147
2019-01-29,Centro,9.1,231
2019-01-29,Norte,9.1,194
2019-01-29,Sur,9.1,175
2019-01-30,Centro,9.1,221
2019-01-30,Norte,9.1,190
2019-01-30,Sur,9.1,182
2019-01-31,Centro,9.1,202
2019-01-31,Norte,9.1,181
2019-01-31,Sur,9.1,160
2019-02-01,Centro,9.1,240
2019-02-01,Norte,9.1,224
2019-02-01,Sur,9.1,197
2019-02-02,Centro,9.1,277
2019-02-02,Norte,9.1,265
2019-02-02,Sur,9.1,237
2019-02-03,Centro,9.1,211
2019-02-03,Norte,9.1,209
2019-02-03,Sur,9.1,178
2019-02-04,Centro,10.9,186
2019-02-04,Norte,10.9,181
2019-02-04,Sur,10.9,144
2019-02-05,Centro,10.9,217
2019-02-05,Norte,10.9,203
2019-02-05,Sur,10.9,173
2019-02-06,Centro,10.9,217
2019-02-06,Norte,10.9,213
2019-02-06,Sur,10.9,179
2019-02-07,Centro,10.9,202
2019-02-07,Norte,10.9,195
2019-02-07,Sur,10.9,172
2019-02-08,Centro,10.9,245
2019-02-08,Norte,10.9,234
2019-02-08,Sur,10.9,192
2019-02-09,Centro,10.9,280
2019-02-09,Norte,10.9,261
2019-02-09,Sur,10.9,222
2019-02-10,Centro,10.9,222
2019-02-10,Norte,10.9,211
2019-02-10,Sur,10.9,179
2019-02-11,Centro,13.2,174
2019-02-11,Norte,13.2,153
2019-02-11,Sur,13.2,119
2019-02-12,Centro,13.2,195
2019-02-12,Norte,13.2,182
2019-02-12,Sur,13.2,142
2019-02-13,Centro,13.2,199
2019-02-13,Norte,13.2,190
2019-02-13,Sur,13.2,133
2019-02-14,Centro,13.2,175
2019-02-14,Norte,13.2,172
2019-02-14,Sur,13.2,132
2019-02-15,Centro,13.2,203
2019-02-15,Norte,13.2,196
2019-02-15,Sur,13.2,149
2019-02-16,Centro,13.2,240
2019-02-16,Norte,13.2,236
2019-02-16,Sur,13.2,186
2019-02-17,Centro,13.2,189
2019-02-17,Norte,13.2,184
2019-02-17,Sur,13.2,136
2019-02-18,Centro,15.4,135
2019-02-18,Norte,15.4,117
2019-02-18,Sur,15.4,119
2019-02-19,Centro,15.4,156
2019-02-19,Norte,15.4,138
2019-02-19,Sur,15.4,143
2019-02-20,Centro,15.4,154
2019-02-20,Norte,15.4,139
2019-02-20,Sur,15.4,132
2019-02-21,Centro,15.4,144
2019-02-21,Norte,15.4,127
2019-02-21,Sur,15.4,133
2019-02-22,Centro,15.4,172
2019-02-22,Norte,15.4,139
2019-02-22,Sur,15.4,150
2019-02-23,Centro,15.4,201
2019-02-23,Norte,15.4,174
2019-02-23,Sur,15.4,169
2019-02-24,Centro,15.4,159
2019-02-24,Norte,15.4,132
2019-02-24,Sur,15.4,135
2019-02-25,Centro,10.3,191
2019-02-25,Norte,10.3,197
2019-02-25,Sur,10.3,157
2019-02-26,Centro,10.3,227
2019-02-26,Norte,10.3,244
2019-02-26,Sur,10.3,172
2019-02-27,Centro,10.3,213
2019-02-27,Norte,10.3,225
2019-02-27,Sur,10.3,181
2019-02-28,Centro,10.3,213
2019-02-28,Norte,10.3,228
2019-02-28,Sur,10.3,164
2019-03-01,Centro,10.3,242
2019-03-01,Norte,10.3,252
2019-03-01,Sur,10.3,195
2019-03-02,Centro,10.3,275
2019-03-02,Norte,10.3,307
2019-03-02,Sur,10.3,220
2019-03-03,Centro,10.3,231
2019-03-03,Norte,10.3,240
2019-03-03,Sur,10.3,186
2019-03-04,Centro,11.4,175
2019-03-04,Norte,11.4,158
2019-03-04,Sur,11.4,168
2019-03-05,Centro,11.4,187
2019-03-05,Norte,11.4,180
2019-03-05,Sur,11.4,196
2019-03-06,Centro,11.4,191
2019-03-06,Norte,11.4,179
2019-03-06,Sur,11.4,192
2019-03-07,Centro,11.4,187
2019-03-07,Norte,11.4,158
2019-03-07,Sur,11.4,167
2019-03-08,Centro,11.4,215
2019-03-08,Norte,11.4,190
2019-03-08,Sur,11.4,205
2019-03-09,Centro,11.4,244
2019-03-09,Norte,11.4,220
2019-03-09,Sur,11.4,229
2019-03-10,Centro,11.4,190
2019-03-10,Norte,11.4,182
2019-03-10,Sur,11.4,178
2019-03-11,Centro,8.1,209
2019-03-11,Norte,8.1,190
2019-03-11,Sur,8.1,165
2019-03-12,Centro,8.1,247
2019-03-12,Norte,8.1,225
2019-03-12,Sur,8.1,196
2019-03-13,Centro,8.1,250
2019-03-13,Norte,8.1,211
2019-03-13,Sur,8.1,202
2019-03-14,Centro,8.1,227
2019-03-14,Norte,8.1,197
2019-03-14,Sur,8.1,186
2019-03-15,Centro,8.1,264
2019-03-15,Norte,8.1,242
2019-03-15,Sur,8.1,209
2019-03-16,Centro,8.1,326
2019-03-16,Norte,8.1,272
2019-03-16,Sur,8.1,247
2019-03-17,Centro,8.1,236
2019-03-17,Norte,8.1,212
2019-03-17,Sur,8.1,206
2019-03-18,Centro,7.8,186
2019-03-18,Norte,7.8,203
2019-03-18,Sur,7.8,158
2019-03-19,Centro,7.8,227
2019-03-19,Norte,7.8,260
2019-03-19,Sur,7.8,184
2019-03-20,Centro,7.8,231
2019-03-20,Norte,7.8,255
2019-03-20,Sur,7.8,179
2019-03-21,Centro,7.8,207
2019-03-21,Norte,7.8,227
2019-03-21,Sur,7.8,177
2019-03-22,Centro,7.8,239
2019-03-22,Norte,7.8,261
2019-03-22,Sur,7.8,202
2019-03-23,Centro,7.8,275
2019-03-23,Norte,7.8,315
2019-03-23,Sur,7.8,231
2019-03-24,Centro,7.8,221
2019-03-24,Norte,7.8,255
2019-03-24,Sur,7.8,177
2019-03-25,Centro,14.8,193
2019-03-25,Norte,14.8,147
2019-03-25,Sur,14.8,120
2019-03-26,Centro,14.8,219
2019-03-26,Norte,14.8,164
2019-03-26,Sur,14.8,140
2019-03-27,Centro,14.8,219
2019-03-27,Norte,14.8,164
2019-03-27,Sur,14.8,135
2019-03-28,Centro,14.8,206
2019-03-28,Norte,14.8,151
2019-03-28,Sur,14.8,134
2019-03-29,Centro,14.8,229
2019-03-29,Norte,14.8,184
2019-03-29,Sur,14.8,142
2019-03-30,Centro,14.8,283
2019-03-30,Norte,14.8,223
2019-03-30,Sur,14.8,176
2019-03-31,Centro,14.8,218
2019-03-31,Norte,14.8,165
2019-03-31,Sur,14.8,144
2019-04-01,Centro,16.7,135
2019-04-01,Norte,16.7,125
2019-04-01,Sur,16.7,123
2019-04-02,Centro,16.7,155
2019-04-02,Norte,16.7,147
2019-04-02,Sur,16.7,146
2019-04-03,Centro,16.7,167
2019-04-03,Norte,16.7,160
2019-04-03,Sur,16.7,143
2019-04-04,Centro,16.7,151
2019-04-04,Norte,16.7,139
2019-04-04,Sur,16.7,131
2019-04-05,Centro,16.7,175
2019-04-05,Norte,16.7,168
2019-04-05,Sur,16.7,162
2019-04-06,Centro,16.7,213
2019-04-06,Norte,16.7,199
2019-04-06,Sur,16.7,184
2019-04-07,Centro,16.7,161
2019-04-07,Norte,16.7,151
2019-04-07,Sur,16.7,150
2019-04-08,Centro,11.7,171
2019-04-08,Norte,11.7,155
2019-04-08,Sur,11.7,120
2019-04-09,Centro,11.7,209
2019-04-09,Norte,11.7,179
2019-04-09,Sur,11.7,140
2019-04-10,Centro,11.7,210
2019-04-10,Norte,11.7,188
2019-04-10,Sur,11.7,137
2019-04-11,Centro,11.7,198
2019-04-11,Norte,11.7,177
2019-04-11,Sur,11.7,136
2019-04-12,Centro,11.7,221
2019-04-12,Norte,11.7,202
2019-04-12,Sur,11.7,152
2019-04-13,Centro,11.7,257
2019-04-13,Norte,11.7,240
2019-04-13,Sur,11.7,192
2019-04-14,Centro,11.7,203
2019-04-14,Norte,11.7,178
2019-04-14,Sur,11.7,144
2019-04-15,Centro,15.5,169
2019-04-15,Norte,15.5,140
2019-04-15,Sur,15.5,113
2019-04-16,Centro,15.5,203
2019-04-16,Norte,15.5,161
2019-04-16,Sur,15.5,122
2019-04-17,Centro,15.5,201
2019-04-17,Norte,15.5,153
2019-04-17,Sur,15.5,131
2019-04-18,Centro,15.5,183
2019-04-18,Norte,15.5,152
2019-04-18,Sur,15.5,121
2019-04-19,Centro,15.5,224
2019-04-19,Norte,15.5,169
2019-04-19,Sur,15.5,139
2019-04-20,Centro,15.5,260
2019-04-20,Norte,15.5,202
2019-04-20,Sur,15.5,168
2019-04-21,Centro,15.5,195
2019-04-21,Norte,15.5,160
2019-04-21,Sur,15.5,130
2019-04-22,Centro,13.3,151
2019-04-22,Norte,13.3,151
2019-04-22,Sur,13.3,158
2019-04-23,Centro,13.3,177
2019-04-23,Norte,13.3,174
2019-04-23,Sur,13.3,175
2019-04-24,Centro,13.3,179
2019-04-24,Norte,13.3,165
2019-04-24,Sur,13.3,173
2019-04-25,Centro,13.3,165
2019-04-25,Norte,13.3,157
2019-04-25,Sur,13.3,176
2019-04-26,Centro,13.3,191
2019-04-26,Norte,13.3,191
2019-04-26,Sur,13.3,197
2019-04-27,Centro,13.3,231
2019-04-27,Norte,13.3,214
2019-04-27,Sur,13.3,241
2019-04-28,Centro,13.3,178
2019-04-28,Norte,13.3,169
2019-04-28,Sur,13.3,181
2019-04-29,Centro,9.7,206
2019-04-29,Norte,9.7,186
2019-04-29,Sur,9.7,151
2019-04-30,Centro,9.7,221
2019-04-30,Norte,9.7,217
2019-04-30,Sur,9.7,176
2019-05-01,Centro,9.7,231
2019-05-01,Norte,9.7,221
2019-05-01,Sur,9.7,186
2019-05-02,Centro,9.7,212
2019-05-02,Norte,9.7,212
2019-05-02,Sur,9.7,169
2019-05-03,Centro,9.7,259
2019-05-03,Norte,9.7,228
2019-05-03,Sur,9.7,190
2019-05-04,Centro,9.7,285
2019-05-04,Norte,9.7,270
2019-05-04,Sur,9.7,235
2019-05-05,Centro,9.7,229
2019-05-05,Norte,9.7,212
2019-05-05,Sur,9.7,175
2019-05-06,Centro,13.3,199
2019-05-06,Norte,13.3,162
2019-05-06,Sur,13.3,131
2019-05-07,Centro,13.3,230
2019-05-07,Norte,13.3,184
2019-05-07,Sur,13.3,148
2019-05-08,Centro,13.3,229
2019-05-08,Norte,13.3,178
2019-05-08,Sur,13.3,156
2019-05-09,Centro,13.3,201
2019-05-09,Norte,13.3,174
2019-05-09,Sur,13.3,138
2019-05-10,Centro,13.3,230
2019-05-10,Norte,13.3,202
2019-05-10,Sur,13.3,161
2019-05-11,Centro,13.3,291
2019-05-11,Norte,13.3,242
2019-05-11,Sur,13.3,185
2019-05-12,Centro,13.3,232
2019-05-12,Norte,13.3,189
2019-05-12,Sur,13.3,145
